﻿{
  "Title": "progressDoughNut",
  "Description": "Mostre progresso circular com bordas arredondadas usando este complemento SVG totalmente personalizável e escalável para FileMaker Pro por jonni@me.com",
  "Category": "User Interface",
  "Features": [
    "Arco de progresso estilo rosquinha com rótulo central",
    "Cores, fonte, espessura e fundo personalizáveis via JSON",
    "Atualização dinâmica com script FileMaker e payload",
    "Renderizado totalmente com SVG — sem HTML ou plug-ins",
    "Responsivo à largura e altura do Web Viewer",
    "Ideal para mostrar porcentagens, progresso ou estado de conclusão"
  ],
  "Optimized": [
    "Desktop", "Tablet", "Mobile", "WebDirect"
  ]
}